<?xml version="1.0" encoding="UTF-8"?><?xml-stylesheet type='text/xsl' href='_UpgradeReport_Files/UpgradeReport.xslt'?><UpgradeLog>
<Properties><Property Name="Solution" Value="Projecte120">
</Property><Property Name="Archivo de la solución" Value="C:\Dades\programacio\projecte120\Projecte120.sln">
</Property><Property Name="Date" Value="dimarts, 14 / abril / 2009">
</Property><Property Name="Time" Value="18:36">
</Property></Properties><Event ErrorLevel="0" Project="Projecte120" Source="Projecte120.vbproj" Description="Proyecto convertido correctamente">
</Event><Event ErrorLevel="3" Project="Projecte120" Source="Projecte120.vbproj" Description="Converted">
</Event><Event ErrorLevel="0" Project="" Source="Projecte120.sln" Description="La solución se convirtió correctamente">
</Event><Event ErrorLevel="3" Project="" Source="Projecte120.sln" Description="Converted">
</Event><Event ErrorLevel="0" Project="Projecte120" Source="Projecte120.vbproj" Description="Examen completo: no es necesario actualizar los archivos de proyecto.">
</Event></UpgradeLog>